지역1,지역2,2017-01,2017-02,2017-03,2017-04,2017-05,2017-06,2017-07,2017-08,2017-09,2017-10,2017-11,2017-12,2018-01,2018-02,2018-03,2018-04,2018-05,2018-06,2018-07,2018-08,2018-09,2018-10,2018-11,2018-12,2019-01,2019-02,2019-03,2019-04,2019-05,2019-06,2019-07,2019-08,2019-09,2019-10,2019-11,2019-12,2020-01,2020-02,2020-03,2020-04,2020-05,2020-06,2020-07,2020-08,2020-09,2020-10,2020-11,2020-12,2021-01,2021-02,2021-03,2021-04,2021-05,2021-06,2021-07
서울,종로구,512419,513023,513302,514302,515605,516640,518721,521244,524012,524488,525872,527942,597750,602125,607646,611500,615833,619167,622708,626417,631021,637167,642313,643875,644083,710411,709786,709661,709554,709214,709250,709250,709679,711357,713732,715696,720375,1022319,1023083,1023917,1023250,1021861,1022514,1029542,1033625,1036486,1036681,1037986,1039903,1041444,1044347,1045819,1047819,1048722,1050750
서울,중구,553907,554130,554278,554815,555815,556815,559889,562278,565481,566111,567259,569852,619150,623017,631950,640967,646217,651383,655550,661633,670733,682467,688617,691400,692683,775667,773200,771283,769767,768983,768583,768833,770233,771567,776133,780283,783633,795743,796557,797357,796986,796157,796086,802257,806143,807771,808743,809900,812157,814614,820100,822257,823314,824371,829486
서울,용산구,812667,813773,814136,816303,819015,822379,828576,833212,838439,838864,839682,840955,1065833,1080385,1107821,1122308,1126141,1129295,1132756,1138654,1157410,1172949,1177103,1176615,1173987,1378500,1374816,1371224,1367276,1365632,1363789,1364605,1366066,1368579,1374658,1383368,1392408,1389939,1392207,1393524,1392439,1389780,1389963,1399354,1406439,1411232,1412659,1413768,1416951,1421012,1427366,1430780,1434768,1439390,1445073
서울,성동구,503321,503218,503038,503167,504346,507500,512744,516962,518897,517038,517641,521192,668542,680771,696188,704458,705333,704094,705063,708469,714073,726677,728958,729604,728615,881926,880096,876809,872383,866149,863011,863255,864926,867574,873383,879979,887713,899118,900431,901725,901549,900892,902245,910716,916402,918667,920020,921108,923402,927029,934049,938029,940000,942235,947157
서울,광진구,668318,668409,668379,668379,668773,672091,677152,681318,685045,685682,688758,692727,751487,765921,778895,788026,791842,794197,793447,793132,794039,803842,806118,807961,806987,902974,900342,898237,896553,896079,895737,896184,897658,899434,906013,910118,916039,1014402,1014671,1014598,1013671,1012195,1013329,1021037,1025866,1029256,1030878,1032220,1034524,1038378,1047439,1053024,1056524,1059476,1063805
서울,동대문구,398341,398415,398354,398476,399720,401610,404049,405317,406463,407024,407439,408244,446050,447890,450530,452840,455030,456880,459840,463030,468770,476320,480480,481590,480280,593904,592319,588819,586734,585628,584479,584181,585085,586223,589319,592564,596926,652774,654802,656208,656472,655708,657179,665679,669858,673406,674415,675151,677453,680226,686179,689066,691019,692849,695896
서울,중랑구,315125,315100,315075,315150,315525,316425,317288,318113,318988,319063,319388,319938,352375,353115,354219,355302,355781,356958,358656,360531,362083,366052,368031,368521,368500,444432,443932,443193,442682,442545,442318,442080,442398,442989,444489,446216,447364,451372,452181,453085,453660,453798,454000,458202,461213,463415,464234,465032,465979,467638,469957,471404,472968,474011,476457
서울,성북구,406714,407439,407439,407398,407255,407357,408439,409480,411531,412469,413684,414724,445000,447027,452582,459909,463073,466691,469409,471745,475355,482518,485500,486845,486691,558217,557349,556443,554915,554453,553868,553717,554217,555113,557019,559651,562491,589518,590634,592536,592268,591607,591839,597393,601402,603741,604429,605696,607089,608661,611143,613348,615545,617679,622402
서울,강북구,346422,346422,346359,346359,346297,346844,347969,348969,350141,350547,351172,351797,383500,385643,387071,389143,390486,392986,396257,400214,404886,412929,417014,418629,418743,478758,478576,478030,478076,477727,477545,478667,479545,480848,482591,484242,485515,495000,496847,498750,500042,499917,500583,508569,512236,513611,514361,514944,516681,518278,522319,523861,525222,526583,530847
서울,도봉구,313375,313396,312958,312927,313365,314333,316458,317948,318792,319302,319844,320792,349436,350782,351909,353036,353909,354755,355809,356991,359100,365191,368391,369300,369064,431198,429811,427830,427255,426519,426066,426387,426802,427491,429009,430670,432802,420883,422419,424285,425803,425829,426723,432455,435491,436295,436875,437402,438554,440214,443920,447009,448964,451598,455955
서울,노원구,308718,308690,308718,308887,309324,310768,313648,316880,318401,317746,317972,318310,361606,362431,363675,364925,364975,365163,365706,366313,368413,374400,377194,378144,377669,445903,444779,443591,442091,441760,441604,441857,442292,443195,445448,447370,449487,467222,468846,470932,472685,472710,473617,480086,483210,484531,485395,486340,488586,490833,495278,498951,502623,506691,514914
서울,은평구,386975,387513,388488,389388,390613,391800,394100,395538,396850,397200,397538,398450,437267,438344,440122,441544,442456,444189,446244,448389,454478,463311,467011,467200,467411,537430,536907,534256,533384,532919,532756,533233,533256,534337,536500,538756,542267,601337,602496,603490,603612,603653,603929,610286,613449,616367,617337,618031,619663,621398,625051,627041,629459,631561,635510
서울,서대문구,392171,392700,393043,393786,394800,395914,397686,399143,400114,400714,401357,402343,485000,486250,490636,494625,498807,502409,506659,509227,512682,518830,522386,522864,522523,611583,610369,609167,608321,607167,606512,606607,607619,608571,611119,614726,618262,643739,644826,645804,645533,644891,644891,651022,655065,657641,658402,659000,660500,662261,664859,666489,667728,668935,672652
서울,마포구,543033,544056,544611,545633,555756,558067,561656,564367,566822,567544,568533,569989,649804,657137,669735,679882,685598,690108,694255,699186,709520,721176,725461,725853,724912,839735,834480,832796,831367,830786,830745,832408,835071,838031,845745,852337,858827,986221,988750,990308,989048,985192,984317,998962,1004481,1007385,1010106,1011298,1015510,1019750,1030865,1036260,1039510,1043577,1054750
서울,양천구,611706,611853,611314,611235,611353,613225,622804,624245,629471,628431,629275,634333,683450,705708,718667,721208,718308,717350,715925,717292,726267,742283,744592,744692,743642,808806,804463,798612,792164,789597,788881,792022,793000,793649,799910,807642,827381,876286,876079,876279,875343,873414,875407,884850,889929,893000,893800,894514,897150,900700,906261,912611,918546,925554,934686
서울,강서구,446254,447178,447771,449339,451322,453686,457975,460483,464153,464000,464458,466839,479766,481953,489414,496055,503773,506711,508195,510414,514484,525992,529813,529859,529313,583185,582395,581177,578968,577355,576395,576169,576645,577379,579476,583266,588250,615250,615932,616598,617386,617000,617136,623697,627288,629871,630788,631848,633348,635697,638765,641561,643379,645197,649356
서울,구로구,374388,374980,375490,376520,378204,379735,381653,383306,385265,385837,386980,388745,421302,424241,427845,429871,433267,436086,439517,442216,444526,449397,451672,452216,451836,526882,526518,526355,525373,525009,525009,525191,525691,526582,528918,532273,535682,553669,555398,557297,559042,560483,562559,570017,573797,576415,577288,578212,579432,581500,584275,586347,587924,589737,593008
서울,금천구,308069,308431,308948,309741,311379,312914,315241,316276,318741,318707,319052,319517,348229,348900,349257,349971,350671,351871,352957,354171,356529,361414,363686,364329,364400,404297,403906,403281,403016,402859,402859,403266,403594,404125,405625,407875,410234,514411,514666,515526,516397,516756,517782,521923,524231,525885,526526,527038,527949,528897,531090,532372,533577,534910,538564
서울,영등포구,531844,532448,533042,534104,536750,540313,547521,551052,554240,554708,556396,558677,586341,589568,596145,599964,603891,606636,608955,614636,625436,639600,642873,643909,643364,777065,775287,772435,771306,769769,769528,770630,771861,773546,778546,784352,790361,811102,805448,806083,806032,805485,806553,815280,820331,823466,824356,825407,827110,829424,835983,839661,843220,848780,856695
서울,동작구,524186,524395,525326,526640,528709,531058,534523,536721,541837,541907,542930,547616,635190,642030,648350,654800,660570,666840,670710,675720,684200,702310,705200,704200,702530,807327,804143,799714,794531,791704,791071,792908,793969,795327,799561,806469,819582,835058,836250,837442,837192,836577,837298,844644,847923,849327,849827,850404,851606,854606,860038,865644,870644,876106,888529
서울,관악구,409688,410388,410988,411763,414000,416425,420100,422000,424063,424563,425363,426563,421870,423337,425228,426630,427467,429576,432283,435630,438293,443739,445891,446076,445815,496558,495651,494651,493430,492686,492360,492174,492419,492965,494407,497023,500186,510957,511435,512663,514283,515196,516554,523196,526967,530511,531663,533272,536359,539489,545370,549120,551587,553707,558848
서울,서초구,1061228,1059526,1063561,1106684,1110421,1114579,1128728,1134754,1137430,1135360,1135912,1140860,1275688,1306195,1346953,1352734,1352148,1348648,1346188,1346086,1357820,1394578,1402102,1398398,1394773,1555515,1544321,1536679,1527799,1524067,1523590,1527097,1531560,1536963,1546149,1559873,1594724,1775269,1776966,1770507,1750110,1731616,1732849,1751014,1757795,1759164,1759747,1761322,1771322,1783411,1797521,1807781,1818192,1834199,1873390
서울,강남구,1114144,1110273,1109992,1114061,1116614,1122667,1139932,1143568,1152538,1150038,1153644,1163045,1366704,1418398,1454511,1466210,1466237,1463059,1455855,1449339,1460570,1495366,1501737,1502559,1493269,1617961,1600129,1586730,1582011,1580775,1581596,1584787,1589466,1593747,1611242,1630096,1678062,1758527,1755204,1749409,1732086,1714102,1714914,1731527,1738333,1741538,1742161,1742968,1748478,1757349,1768618,1760156,1772882,1789457,1818801
서울,송파구,816219,815391,816141,818367,820930,824211,837969,840719,848953,850578,861969,869672,984764,1032208,1056965,1068264,1067938,1063993,1056972,1052486,1062549,1077813,1083326,1070514,1063479,1113576,1107382,1100618,1098257,1098146,1099660,1102847,1104521,1106472,1118417,1130090,1166361,1256877,1251701,1245727,1235416,1234545,1240305,1260838,1265377,1266416,1266792,1267214,1270682,1279766,1292870,1301260,1310260,1321318,1341981
서울,강동구,493765,492637,494402,494775,495314,499784,511471,512069,515510,514353,516529,518314,561013,572700,594793,602720,604327,603973,605960,607187,611693,635327,640220,640713,639167,735167,728643,721690,713683,706183,703675,702968,703944,705429,711976,719000,740921,787716,787881,788179,787343,785164,784776,796149,798575,800418,800806,801209,803306,807813,813870,817990,821482,825448,835836
경기,과천시,778971,779029,779088,779529,779235,779941,783382,784559,789706,789176,789000,789235,850625,862396,894063,900729,905729,906979,906146,906146,910000,948438,961563,963021,961771,1138229,1135292,1123646,1106417,1097583,1103500,1119833,1141229,1152688,1173167,1202104,1244646,1277104,1274688,1273625,1271167,1259229,1252208,1260208,1270396,1276354,1277958,1278688,1292229,1310583,1330208,1340167,1344000,1349292,1368271
경기,안양시,349284,349220,349193,349244,349499,349677,350254,350742,352822,354569,356471,358654,404524,406095,408300,410471,412405,413273,414061,414912,416579,421326,425996,426875,427031,477815,476241,477759,473538,470727,469183,465987,466460,468872,471715,475256,483244,501499,509480,521684,529028,533489,537566,541945,545383,549345,553694,558437,563770,571466,582922,595620,611936,630622,662823
경기,만안구,300132,300066,300079,300066,300263,300303,300697,300934,303105,304421,305776,307434,353636,354909,356273,357284,358307,358489,358920,359034,359909,362864,365205,366045,366114,409660,408287,407106,403926,402489,400649,394383,395298,396787,400149,404883,410309,437979,446260,455604,462646,467646,471521,474844,478177,481406,484042,487042,490542,497604,507833,518656,530542,537375,550469
경기,동안구,372891,372827,372782,372864,373145,373391,374055,374664,376700,378655,380818,383255,429056,430770,433381,436111,438484,439683,440643,441849,443897,449508,455302,456198,456397,512715,511038,513938,509185,505669,504277,502654,502900,505785,508362,511292,520592,534326,542152,555833,563333,567515,571697,576621,580114,584455,589689,595333,601614,609636,621727,635394,654000,678811,720886
경기,성남시,512247,512176,512332,512892,513763,514647,516253,520298,529372,534808,537886,540555,600533,609982,629659,641302,648257,651671,653040,653654,655512,668900,672415,672418,670161,756756,751400,745578,741251,738394,737191,739670,741980,745558,752531,760277,769743,835824,836599,836927,836267,836216,836785,846778,857494,864928,869838,880051,893841,909657,923456,929675,933863,938429,944644
경기,수정구,345565,345522,345804,346022,347000,348065,350283,352652,354913,355761,356761,358087,473871,474000,480903,490435,494016,497645,499532,500048,500548,508903,513177,513210,510210,672049,665037,655598,650720,650683,650073,653012,657049,661049,669683,681012,697098,868940,872690,876167,879821,884798,888488,899095,909167,917083,921774,925631,934119,947262,964202,976190,982988,988357,999452
경기,중원구,295081,294952,295016,295339,295726,296113,296694,297532,298468,298952,299887,301516,332457,333186,334871,336986,339243,340357,341257,342271,343886,347943,350286,350743,351900,401426,400824,399662,399250,399103,398985,399162,399559,400559,402750,404471,406279,418147,419985,423015,425574,426574,428824,434588,441515,447926,451191,455500,460368,464868,472500,480904,487007,493125,501853
경기,분당구,576738,576675,576833,577484,578437,579397,581127,586024,597587,604595,608365,611413,682664,695699,721637,735781,744377,748267,749651,750192,752342,768699,772342,772240,769349,854676,848622,842554,837473,833392,831818,834709,837068,841128,848804,857108,866831,921324,921196,920216,917872,916459,915953,926750,938453,946007,951331,964284,981250,1000182,1014649,1019088,1022264,1026304,1030865
경기,군포시,310425,310387,310349,310387,310594,310736,310991,311198,311821,312387,313094,313736,329579,329333,329289,329246,329105,328789,328702,328579,327789,329746,331439,332474,332333,348573,348218,345818,342564,339436,336573,334964,335073,337364,339500,340091,343545,347884,351670,372098,386643,391866,394009,396438,398045,398652,399116,399652,400911,404214,415161,424027,433857,447214,470143
경기,의왕시,352250,352603,352750,352676,353235,353412,353176,353750,354191,355029,355691,357221,382738,384788,385663,386538,387413,388163,389225,389975,390938,394063,397538,398538,398788,430141,429231,425513,421872,416795,414295,413577,413321,415449,417551,421167,432462,461138,466150,473900,481513,486500,490375,495438,499913,506688,511213,514225,519100,528213,557315,579038,598775,616700,637225
경기,안성시,161260,161235,161153,161071,160920,160786,160490,160379,160059,159397,159315,159071,145639,145573,144584,143304,142013,140135,138712,137578,137077,136845,136384,135280,134049,148100,147830,147610,146805,146150,145410,144750,143490,142885,142520,142340,142275,150091,149759,149792,149821,149726,149915,150906,151000,151226,151533,152071,153005,154939,156967,158863,162019,163491,168849
경기,용인시,358993,359004,358888,358835,358776,358598,358587,358566,358469,358542,358559,358378,363179,363103,364006,365943,369543,371361,373240,374710,376672,382987,389193,393076,394218,406562,405939,405151,401923,400214,399335,399124,400159,401033,401830,403960,408482,419406,431323,444189,449132,451502,457285,463198,469893,481089,485807,492038,498965,507637,519277,525950,531986,534853,543009
경기,처인구,189431,189431,189379,189379,189379,189241,189345,189414,189293,189314,189107,188900,180972,180736,180194,179764,179236,178833,178597,177986,177181,177153,176917,176333,175750,184213,183925,183713,182988,182838,182688,183288,183913,184338,184888,185288,185713,198051,198398,199510,200102,200653,202051,202847,204235,206133,207816,209561,212235,214102,217776,220051,223398,226357,233051
경기,기흥구,329561,329544,329456,329474,329526,329500,329482,329509,329561,329789,330088,330228,334787,334956,335257,335846,337787,339684,343515,346324,348941,356015,362684,366890,367662,371310,370500,370049,366620,365275,365268,364796,364937,365606,366401,367894,370514,390082,398466,410507,414630,416514,422842,429130,433849,446096,448459,455356,462630,471301,482925,491384,497185,501075,512253
경기,수지구,433093,433136,432975,432839,432653,432314,432280,432186,431949,431881,431678,431186,441559,441279,443184,447125,453522,455868,456360,457051,459110,466397,473897,478676,480662,507371,506843,505543,501793,499257,497271,497093,499164,500379,501250,504536,512200,533655,553627,571796,579239,582803,589676,597134,607894,621514,629831,637063,645239,656486,671155,677634,684930,686697,692261
경기,수원시,296647,296771,296931,297162,297480,297775,298061,298450,298703,299822,300252,300583,316671,317073,318288,319668,320741,321637,322557,323391,323728,325138,327262,329000,330619,347353,347195,346809,346141,345145,344626,344983,345939,346987,348336,350581,355992,391685,412633,433729,438176,439945,445036,450633,453423,455554,457992,459897,463290,468955,477390,484074,490885,495618,507138
경기,장안구,263337,263384,263523,263756,264186,264477,264930,265267,265500,265721,265802,266140,297912,296873,296118,296137,296206,296098,296020,296039,296020,296157,296608,298441,299931,309029,309019,308942,308596,307837,306885,306606,306913,306952,307250,307462,307404,328885,338394,356135,361615,362500,366644,369981,370923,371760,373058,374337,375462,376808,380019,383654,385990,388856,396452
경기,권선구,256115,256094,256281,256740,257031,257500,257729,258271,258396,258688,258958,259375,270182,270000,270045,269582,269427,269264,268673,269045,269055,269973,271755,272364,273164,284974,285155,284724,283983,283509,283147,282845,282914,283224,283353,283707,285595,318653,339907,363305,367229,367805,370805,374390,376483,378025,378958,379712,382314,386492,391542,397424,405763,409746,423110
경기,팔달구,275913,276113,276275,276638,277213,277650,277975,278450,278863,279138,279338,279788,295211,296316,298184,299684,300724,300803,300987,302263,303500,305145,308421,312329,316197,330486,330351,330851,330378,329514,329068,328446,329311,330500,331311,332797,337919,360986,380649,400824,406351,413189,418838,424743,426919,427919,428351,429351,431014,434986,443243,448486,456838,463419,475946
경기,영통구,356466,356720,356873,356890,357059,357178,357381,357661,357966,360602,361466,361686,372587,374143,377333,380992,383690,386357,389365,390937,391444,393992,397079,398857,400397,428129,427593,426736,425850,424236,423850,425486,427607,429857,433057,438407,450314,499845,528211,549901,553754,555338,562507,571035,575754,579549,584577,588099,594134,604282,618775,628507,636415,642310,654507
경기,부천시,268423,268342,268342,268265,268365,268742,269251,269745,270876,271623,272055,272750,289772,290346,291019,291395,291809,291654,292130,292728,293037,294377,299981,304469,304519,314024,313774,313750,313786,313155,313161,313726,314464,316113,318679,322327,324720,343335,345676,351371,355994,358671,362547,366676,370076,372088,374047,376318,380800,385494,394224,402965,412024,419288,431188
경기,안산시,268550,268484,268405,268405,268468,268283,268346,268327,268528,268677,268618,268146,277291,276902,276348,275739,274908,272977,270923,267560,262183,260574,259663,258616,257314,254523,253587,253276,252651,252359,251429,251175,251043,251340,252352,253671,257363,269946,271960,278477,287180,292709,300144,304197,305620,305309,305350,305924,306647,308363,319988,332125,349939,362563,380573
경기,상록구,256692,256654,256474,256474,256449,256423,256397,256269,256077,256077,255859,255295,261556,260756,260300,259689,259211,257344,255867,252322,246267,244189,243344,242456,241156,242683,241728,241170,240170,240011,238307,238023,237864,238489,239761,240648,244909,254477,256727,263534,270580,274830,280693,284489,285545,285420,285466,285545,285932,287216,301614,314739,329943,340045,354818
경기,단원구,277889,277800,277800,277800,277933,277622,277756,277822,278333,278600,278667,278267,289216,289137,288510,287902,286804,284824,282333,279108,274245,272990,272029,270863,269559,264150,263230,263120,262800,262400,262100,261870,261760,261790,262590,264260,267490,281796,283630,289926,299898,306407,315046,319296,321000,320546,320583,321537,322519,324565,334065,345444,365259,379815,400306
경기,시흥시,207125,207170,207107,207143,207277,207647,207879,208004,209098,210045,210750,211223,219394,219167,218977,218773,218553,218182,217864,217447,216902,216826,217136,217386,217159,237831,237577,237000,235345,234542,233817,232972,232479,232662,232282,232585,232873,252934,256125,264336,273184,275283,277678,280605,281941,282125,282375,282789,285112,287770,294171,303882,318204,331362,351737
경기,광명시,377125,377583,378104,378625,379417,380604,382990,384625,386990,387906,389052,390750,391018,391900,393482,394900,396264,397891,400145,402473,412800,428691,435736,437391,436609,498125,494446,488688,481741,475411,476527,483964,488839,494170,499902,506098,519000,562816,569877,580044,585289,587667,589947,598246,609632,618509,611851,617368,622605,629096,639272,649596,657833,664921,674579
경기,화성시,289743,290165,290623,291004,291750,292687,293060,293461,292975,292905,292919,292792,291892,295849,296966,297700,298986,299347,300584,301532,303084,305494,308591,308429,308994,328841,328460,327381,325494,324545,323028,322670,322619,322966,323273,325449,328261,353651,361382,376292,383264,386066,391241,396245,400401,404604,408788,412358,414962,417113,422840,429325,435160,439934,450962
경기,오산시,222138,222263,222288,222263,222388,222488,222475,222525,222425,222375,222325,222025,205122,203022,201844,200800,199233,197956,196933,195856,195467,195367,195356,194678,193967,206259,205759,205034,204491,203095,202828,202198,201983,201815,201642,201418,200754,205779,206328,214180,219320,222197,225770,228205,230311,231984,233434,236672,239730,242492,247000,251254,256213,260492,272893
경기,평택시,192063,192045,192063,192098,192313,192375,192188,192223,191955,191866,191795,191286,200664,199724,199104,198478,197888,196918,194933,192597,191313,189567,188142,186754,186306,192442,192164,191543,189735,188133,186509,184435,183262,182614,182133,181546,180880,193599,193582,196679,198551,200011,202699,206500,208267,208574,208903,209369,210290,213051,216352,220295,225023,229483,239824
경기,남양주시,240712,240689,240682,240682,240924,241182,241856,242439,242870,243158,243385,243688,277932,277593,277278,277642,277883,277667,277630,277593,277420,277673,278253,281352,281722,305442,305453,305274,305049,304729,304768,304549,305083,306099,306522,307163,308494,321247,324274,328538,333349,335597,339038,345522,353065,358398,361081,367247,374140,383527,397892,405898,410602,414581,422586
경기,구리시,326625,326625,326708,326792,327000,327417,328431,329028,330194,330958,331681,332486,374686,375430,376209,376942,378558,381012,382593,383744,387547,397093,402733,408384,411570,424840,425394,425755,426245,425926,426660,427787,428989,431383,433755,438915,441521,461719,468479,487781,504438,512604,520500,529281,540885,549813,552844,555135,557625,563208,574438,583802,590938,597927,606281
경기,하남시,377149,377068,377135,376946,376811,377824,380027,380527,383351,383459,384784,385527,460867,462889,468444,478111,483278,486833,487622,489367,491444,502256,506056,507100,506644,566398,561907,557000,548343,544926,540574,544815,549861,553565,560139,568509,581074,651784,654845,663241,664871,663819,670922,690698,706103,717353,723112,732095,740784,751940,769233,779233,783440,785802,788371
경기,광주시,256700,256600,256514,256700,257329,258000,258157,258743,258886,259200,259757,259471,256560,256500,256440,256702,256083,255083,254583,254214,253536,253369,253179,253226,253214,278155,278036,277718,277518,277373,277064,276564,275555,275600,275891,276091,276909,286983,287483,287975,289208,291400,299375,305600,307217,309517,310883,312758,317358,321342,326700,332242,336400,339933,346150
경기,이천시,185136,185076,185167,185318,185485,185545,185606,185500,185197,185348,185500,185303,184119,183905,183881,184119,184048,183810,183798,183821,183833,183536,183000,182690,181988,184866,183963,182817,181543,180598,179305,179037,178409,178006,178012,177780,177482,196751,196696,196810,196530,196625,196643,197077,197512,198214,198589,199077,199589,199994,202042,204089,206161,209048,212631
경기,여주시,159063,159088,159075,159310,159536,159773,159931,160144,160238,160325,160488,160113,147058,146942,146750,146865,146865,146865,146673,146519,146212,145981,145635,144962,144135,140788,140519,139885,138615,137385,136538,136106,135644,134923,134356,133740,132952,133273,132692,132260,131837,131538,131538,131625,131798,131625,131260,130981,130913,131202,131767,132125,132375,132740,134433
경기,김포시,287293,287086,286655,285897,285440,285672,286440,288164,289966,290716,292103,293578,304542,305542,306667,307258,306925,307058,307417,307292,306442,306275,307367,309900,310375,319535,319155,318887,318282,317676,317000,316394,315873,315423,314979,315183,315528,339200,339438,339944,340300,340188,340744,352906,355925,357219,358644,380519,397866,400341,404134,405922,406984,407397,408153
경기,고양시,304908,304711,304404,304401,304683,305057,305664,307737,310977,310827,311020,311451,333638,333018,332465,331944,331628,331376,330937,330091,329241,330016,332506,334203,334095,342693,342472,341870,340575,339471,338354,336855,335418,334718,334326,334308,335721,354826,355842,357674,360326,362545,366084,372958,377327,380387,383593,390899,403747,419744,436218,444334,448921,452111,458478
경기,덕양구,279821,279732,279455,279491,279795,280152,280768,282304,285723,285616,285777,286045,314189,313735,313250,312538,312598,312758,312780,312515,312288,314742,320265,323462,324197,340082,339948,339545,338104,337246,336291,335097,334328,333828,333381,333522,334634,360868,362029,364603,369088,373059,377684,385507,390507,395507,399772,409985,424375,443838,463279,472735,478537,481544,487441
경기,일산동구,353415,352981,352660,352632,353123,353642,354425,356736,359000,358651,358991,359830,379225,378157,377373,376971,376275,375706,374990,374206,373363,373578,373794,374931,373902,384360,384070,383500,382670,381540,380170,378510,377040,376210,376410,376620,378610,402569,403775,406451,409451,411667,415706,422480,426941,429451,432284,438098,449529,461882,477912,486657,491990,497069,506343
경기,일산서구,300556,300398,300065,300037,300157,300454,300935,303444,307130,307065,307194,307537,325175,324667,324190,323802,323317,322817,322048,320516,318968,318246,318865,319262,318825,319911,319637,318790,317371,316008,314863,313121,310952,310105,309411,309073,310468,318040,318770,319230,319579,319810,321802,327659,331254,332452,334690,339627,351611,365952,379333,385532,388270,390484,395563
경기,파주시,239181,238845,238405,238371,238603,238914,239207,240103,241440,241672,242250,243259,244992,244907,244924,245051,245119,245737,245898,245458,244288,242805,241737,241144,239136,241129,240508,240210,239629,239210,238718,237778,237036,236560,236181,236077,236052,263913,264049,263966,263928,263996,264186,270201,272799,274254,274458,278193,294792,306197,313576,316242,317735,319932,324538
경기,포천시,130903,130810,130784,130804,130887,131510,131857,132265,132376,132475,132666,132872,137904,137779,137567,137308,136998,136056,135773,135487,135275,134958,134669,133735,133625,142648,142500,142111,142019,141759,141574,140852,140722,140278,140259,140259,140315,137357,137179,137179,136795,136571,136661,136866,136955,137188,137491,137750,138018,138339,139411,140420,141723,143464,147071
경기,동두천시,132483,132517,132567,132570,132837,133278,133748,134038,134348,134508,134648,134863,140359,140375,140516,140422,140438,140313,140250,139828,139719,139750,139273,139156,139086,139758,139592,139565,139357,139173,139140,138750,138250,137833,137500,137133,136950,142435,142056,142169,142024,141694,141331,141153,141403,141532,141516,141435,141476,143419,147089,149935,152419,154855,159556
경기,양주시,160842,160803,160816,160868,161000,161303,161671,161995,162470,162503,162634,162992,174867,174867,174944,174978,175078,174967,174789,174600,174133,173867,173754,173228,172994,182210,182210,181895,180530,179760,178730,177670,177120,177010,176440,176190,175900,193942,194269,194721,194798,195346,198644,199202,200202,201096,201962,203519,205625,214385,224827,228500,230058,231462,237096
경기,의정부시,212315,212296,212306,212370,212630,213194,213611,214000,214333,214593,214750,215139,230735,230750,230773,230818,230818,230909,231015,231053,231129,231136,231159,231273,231273,238804,238754,238645,236486,236399,236174,236123,236022,236116,236355,236486,236935,246397,246630,246938,247356,247870,249243,251805,254664,258260,260582,263750,267777,273599,285017,292805,296942,300421,309092
인천,중구,221515,221471,221410,221459,221422,221398,221410,221060,220628,220530,220555,220445,239886,239829,239786,239643,238943,238300,237529,236700,235071,234000,233000,231786,230814,226583,225819,224931,223278,221236,220111,219861,220167,220778,221611,222021,223715,255071,255548,258714,262012,263470,265732,267161,267458,268375,269173,270268,271327,273077,276470,281994,287863,293292,300387
인천,동구,167695,167766,167695,167773,167989,168109,168277,168418,168673,169071,169291,169634,170714,170625,170625,170571,170393,170000,169411,168964,168804,168768,168607,168554,168420,166685,166278,165685,165685,165426,164815,164593,164315,165056,165148,165056,164694,164102,163694,163519,163741,164185,164694,164870,164907,164917,165213,166139,166306,166750,167831,169463,171444,173417,178472
인천,남구,200762,200845,200845,200917,201071,201226,201429,201702,202940,203512,204048,204381,216901,217237,217453,217608,217677,217677,217823,217823,217625,217659,218047,218487,219159,227657,227343,227436,227225,226945,226691,226640,226538,226903,226835,226996,228703,233234,235531,240641,244336,245781,246797,247859,249383,250055,251336,252758,254414,256188,261211,266117,270328,276328,289195
인천,연수구,319957,319897,319810,319966,320276,320405,321664,322276,323793,324879,325983,327043,345581,345875,347066,347691,348037,348397,349096,348412,345706,344904,345044,344838,344221,377507,376688,377597,376542,375111,374188,373444,371813,373174,374694,376243,379694,407351,413045,433617,443526,448071,455325,458805,459403,460747,461636,464825,471851,485916,503344,517922,534857,548870,565838
인천,남동구,256805,256798,256527,256424,256492,256644,256788,257051,257920,258553,259062,259735,267863,267918,268096,268185,268021,268103,268303,268227,268011,268059,268764,269589,269582,276120,275968,276399,276291,276209,276070,276073,275655,276158,276756,277070,278709,298569,299050,306484,315359,321072,326413,328638,328638,328225,328363,329934,333644,338419,345175,353684,359788,367631,378525
인천,부평구,241505,241330,243114,243237,243386,243675,244535,244746,245544,246193,246658,246939,257169,256547,256791,256878,256831,256338,255311,254838,254182,254149,254818,255872,257047,253780,253627,253147,254180,255413,256580,256700,256213,256473,256587,257847,258787,259789,261151,268000,273007,276158,280836,283895,286487,288697,290454,292586,294678,297638,301836,308487,314842,322493,334480
인천,계양구,189195,189215,189158,189178,189168,189354,189554,189684,190700,191350,191693,192073,208557,208582,208631,208615,208451,208254,208000,207877,207148,206426,206254,206885,207934,222408,222267,223317,225017,225808,226742,226617,225942,226942,227642,227708,228250,229883,230275,231242,232775,234742,236367,237133,237542,238158,238758,239667,241317,244192,248033,250800,255467,260833,269542
인천,서구,223419,223411,222831,222952,223056,223185,223073,223274,223726,224452,224968,225427,262426,262405,262291,262304,262257,262000,261764,261399,261034,261027,261392,262297,263845,275344,275130,274481,273682,273422,273195,273188,273331,273981,273990,275383,276266,314358,318549,339043,344469,346846,352309,355457,356562,357198,358167,360071,361429,363645,369438,377941,389410,397216,408469
부산,중구,130723,131181,131531,131829,132492,132994,133342,133896,134667,134842,134894,134913,154983,154817,154450,154283,153983,153530,152957,152490,151957,151623,151263,150930,150363,150708,150250,149750,149292,149188,149083,149042,148938,148479,148354,148396,148354,148438,148563,148708,148208,148125,147583,147333,146708,146042,145708,145500,145708,145292,145042,143750,144000,143542,144688
부산,서구,226000,226208,226583,226792,227208,228167,229042,229896,231167,231479,231542,231583,262114,262182,262182,262136,261568,261170,260295,259682,259068,258795,258205,257295,256682,269727,269136,268318,267443,266330,265125,263705,262568,262114,261705,261500,260750,273204,273017,272767,272260,271552,271427,271740,272510,273688,276104,279385,285240,288302,291635,292560,295510,298344,301656
부산,동구,206195,206589,206950,207238,207832,208662,209268,209623,210208,210253,210253,210253,195222,195111,195056,194611,194167,193750,193361,192250,191600,190833,190144,188753,187667,212759,212085,211450,211779,211676,211324,210559,210059,209353,208985,208691,208515,206903,206736,206486,206264,206097,205819,205847,206764,208222,209250,210944,215000,217222,218722,219681,220708,221931,225986
부산,영도구,171150,171528,171900,172141,172710,172845,173328,173714,174386,174245,174134,173962,184330,184209,183584,183030,182655,182227,181191,180780,180459,180155,179905,179030,178620,198336,197974,197629,197060,196629,196284,195905,195569,195259,194379,193983,193379,196767,196692,196583,196408,196308,196067,196117,196050,196033,196017,196000,196592,197275,197533,197858,198275,198717,200742
부산,부산진구,219185,219569,220040,220395,221082,222249,223308,224031,224656,224893,224868,224827,260182,259573,259245,258645,257673,257400,256955,256291,255527,254900,254364,253891,253109,255795,255393,254768,253821,252920,252018,251018,249746,249004,248326,248080,247857,255561,255947,255965,255702,255298,254956,258553,260184,261535,261754,267342,278404,285579,289395,291561,293754,295772,299675
부산,남구,304766,305981,306711,307231,308305,309745,310925,310884,311430,311540,311590,311300,303078,302789,302289,301578,300467,299367,298089,296567,295100,293922,292822,292000,290567,308773,308136,307909,307330,307114,306818,305761,305330,304989,305045,305966,308841,352167,352740,352740,352490,352771,354104,358583,362781,368583,374750,386479,404156,416125,429406,433771,435406,437083,441427
부산,연제구,320224,321184,321500,321711,322355,323421,324171,324776,325329,325039,324724,324355,350438,350113,349725,349125,347525,346288,345188,344138,343063,342075,341350,340550,339700,343244,342756,342305,341988,341402,340646,340280,339195,338134,337037,337171,339037,351964,353250,353702,353560,353464,353679,355917,359286,363571,368798,382524,393333,402643,411964,416345,418988,422405,431333
부산,수영구,336667,338076,338515,338697,339030,339727,340833,342288,343530,343515,343500,342955,424534,424193,423500,422920,422057,421125,417989,417398,416432,415551,414369,413619,411790,414432,413608,412365,411216,411622,410905,409568,409108,407919,408757,410662,421230,416855,418474,419447,419211,419197,423461,431289,438605,448000,454697,471671,487053,491316,493276,494882,496487,503053,510421
부산,해운대구,301664,302041,302339,302470,302643,303184,304016,305008,305598,305369,304946,304733,393621,392710,391121,389919,388323,387258,385081,384210,383073,381685,380847,378387,376242,370095,368659,368040,367087,365516,364040,362984,362087,361190,360595,362786,372270,388523,389000,389188,389000,390375,391352,402664,416750,430352,441008,462680,476023,483148,489547,494570,499422,509109,526641
부산,금정구,294829,295732,296488,297159,298268,299585,301085,301829,302220,302305,302305,302329,310550,310238,309850,308600,307950,307188,306175,305325,303050,301700,301250,301125,299825,300075,299000,297875,296550,295038,294088,293800,293213,292400,292600,292888,295488,296927,297902,298317,298159,298256,298305,299037,299585,301293,302561,306171,320305,327573,332659,335902,338024,341000,349512
부산,동래구,290593,291198,291849,292128,292942,294000,295128,295884,296674,297017,297087,297227,363670,363409,363068,362614,362170,361375,360443,359807,357409,356420,355205,353625,351784,345967,344935,343196,339978,338489,337467,336234,335984,335125,333505,334984,341484,344484,345130,345964,345818,345922,347630,354536,361693,369568,374318,386245,396474,400807,406047,410068,413161,416651,425036
부산,기장군,213470,214095,214429,214714,215286,216286,217310,217571,217833,217762,217726,217548,219529,218324,217868,217147,216074,215441,214956,214515,213721,213412,212926,212471,211941,220372,220103,219513,219103,218641,217962,217436,217051,216462,215218,214077,213000,223220,222439,221890,221476,220927,220293,220207,219293,218707,218829,219598,229805,243000,248244,250951,253073,260585,268671
부산,북구,211167,211833,212520,212931,213588,213990,214451,214922,215225,215451,215608,215578,262208,262000,261792,261396,260877,260330,259735,258358,257093,256225,255990,255244,254216,251231,250577,249279,247635,246567,245231,244317,243861,243370,242909,242466,242332,256598,256802,256915,256726,256566,256755,257500,258047,258726,259406,261292,269830,276099,280458,282212,283962,285858,290632
부산,강서구,324098,325087,326587,327761,329924,334000,335228,336163,337565,338283,338859,339326,363679,362929,362018,361643,361036,360054,359232,357536,354125,353464,353018,351607,350304,340047,338906,337484,335531,334078,332359,331047,330063,329297,330281,330047,331016,349581,350203,350500,350257,350095,350230,351581,353635,355149,356770,360716,375770,381770,386649,392932,401095,408689,416081
부산,사상구,186643,187429,187869,188202,188690,189321,189774,190036,190274,190226,190250,190258,201012,200605,200233,200209,199988,199355,199006,198128,196372,195279,194616,193837,193314,200873,200301,199099,197670,196494,195554,194792,194435,194327,194327,194345,194429,193994,194041,193878,193564,193297,193523,194337,194767,195256,195570,196930,202169,206651,208767,210116,210791,212570,218326
부산,사하구,183730,184540,185400,186070,187240,188640,189600,190360,190660,190740,190540,190150,204135,203798,203529,203183,202971,202567,201779,201231,199990,199250,198615,198125,197567,200611,200176,199602,198796,198231,197009,196111,195407,194694,194120,193861,193583,191566,191369,191228,190891,190732,190582,190664,190764,191373,192009,194164,202191,207518,210745,212791,214609,217382,222682
대구,중구,283441,282996,282844,282641,282530,282307,282241,282722,285278,286630,288593,290222,304759,306167,307222,310167,315185,317519,318963,321852,323148,325630,329019,333963,337444,362431,363741,364500,365793,366466,366603,366483,366638,366931,367534,369121,371138,405783,407633,408917,408050,407867,408633,409867,412067,413383,418033,425200,436000,443200,454267,463117,469400,475833,480950
대구,동구,226501,226314,225916,225563,225248,224805,224644,224912,226016,227052,227478,228159,240310,240802,240845,240922,241207,241121,241405,241345,241552,242155,243181,243250,243310,252683,252400,252017,251642,251233,251217,251717,252217,252242,252600,252892,253275,268653,269000,268984,268605,268306,268548,268968,269621,270484,271113,272065,273786,279040,285323,290266,292371,294819,297556
대구,서구,220132,220000,219794,219529,219162,219000,218618,218632,219147,219632,219971,220353,223242,223484,223806,224919,225306,225484,225242,225403,225597,225968,226839,227452,228532,233872,235055,235555,236388,236888,237533,238150,239033,239133,239283,239650,240600,241967,243583,244467,244117,244100,244783,245467,246500,249850,252367,257033,261917,267350,271917,275067,277067,279317,280733
대구,남구,235900,235500,235400,235200,235100,234633,234700,234867,235350,235983,236650,237450,235315,235870,236963,238074,238574,239519,239741,240296,240704,240778,241296,241611,242204,260964,261571,261893,262661,263196,263821,264339,265464,265929,266839,268089,272071,281552,283293,282759,282707,282759,282931,283586,284414,285500,287052,289810,294793,296483,299534,302914,306138,308172,310897
대구,북구,225754,225518,225175,225009,224711,223816,223465,223272,223570,223711,223904,224149,221375,221431,221021,220590,221181,221806,221847,222333,222806,223667,225014,225965,226139,235331,235266,235201,234987,234773,234286,233961,233636,233578,233558,233591,233890,246891,246846,246692,246064,245968,246032,246109,246494,246603,246949,247596,251212,252962,257359,260705,264000,266199,268404
대구,수성구,361131,360911,360919,360860,360716,360699,361182,361784,369742,374547,376979,379564,416120,420852,425239,430246,436810,443282,446634,449345,451592,456303,464415,472444,479380,503616,504295,504589,503870,503411,503068,502356,500863,500740,501384,502219,504199,511412,512514,512331,511419,511520,513101,515851,524139,535841,548632,568595,587878,601135,615932,627311,633635,641182,648196
대구,달서구,245353,245007,244522,244199,243846,243397,243257,243301,243706,244221,244735,245544,261429,261976,262441,262947,263629,263841,264200,264612,265135,265453,266200,267265,268124,276785,276837,276738,276145,275860,275453,275073,274968,275061,275724,276683,277578,280770,282138,282356,282276,282316,282966,283948,285580,288454,291678,296822,307293,312494,317851,322126,324868,327339,330328
대구,달성군,189075,188800,188489,188164,187875,187695,187573,187530,187763,188365,189245,190174,210206,211008,211444,211685,212123,212269,212160,211467,211725,212038,212561,213024,213059,213297,213077,213229,213385,213289,213127,211684,210350,209899,209415,209560,209419,226594,226594,226047,225023,224234,224555,224633,224664,225258,226008,226977,229242,231563,234492,238367,241617,244098,247262
광주,동구,202577,202981,202885,203000,202904,202808,202827,202885,202365,202038,201769,201635,192179,192679,192589,192321,192071,193000,193446,193857,194786,194964,195696,196411,197500,238426,238412,238426,238265,237993,237272,236654,236140,235860,235787,236022,236228,246615,246858,246953,246966,246993,246818,246932,247095,247473,247905,249115,255331,257723,258696,259257,260122,261730,265304
광주,서구,214591,214809,214918,215100,215500,215745,215400,215745,216145,216327,216700,217009,213788,213917,214364,215008,216000,216553,217258,217970,219159,220591,222576,223780,226068,247299,247679,247791,247896,247687,247597,247336,247358,247321,247493,247537,247634,251500,251699,251801,251890,251875,251956,252191,252353,252375,252537,252971,255735,257375,258235,258765,259632,260368,262809
광주,남구,187474,187612,187714,187894,187923,188342,188750,189195,189336,189782,190282,190513,238529,239202,239875,240817,241548,242683,244279,246163,248269,253750,257510,258490,258712,324575,324202,324255,324300,324036,322882,322082,320936,320305,319741,319723,319277,320864,320891,320909,320704,319835,319246,319022,316960,315638,316478,319277,328232,332313,334039,335075,337530,339941,343884
광주,북구,163367,163433,163451,163070,163045,162643,162427,162442,162500,162423,162558,162406,170393,170501,170841,171154,170977,170927,170700,170653,170467,170450,170927,171260,171393,184345,184570,184729,184686,184241,183941,183634,183369,183263,183234,183347,183469,186939,187271,187402,187479,187424,187534,187649,187966,188216,188491,188802,190771,192131,193393,194582,196085,198018,201762
광주,광산구,181821,181959,181941,182116,182179,182661,182625,182875,183170,183750,184205,184777,197326,198028,199111,200007,201174,202083,202750,204229,206014,211153,214229,215347,215931,230493,230662,230689,230128,229405,228432,227696,227412,227264,227338,227520,227642,228283,228300,228233,228040,227847,227670,227663,227613,227707,227763,228603,235410,237670,239203,240717,242270,243770,247250
대전,동구,168603,167744,167782,167872,168013,168179,168218,168705,169744,170365,170699,171487,174216,174398,174477,174500,174705,174682,174591,174523,174500,174420,174386,174239,174261,181826,181500,181023,180721,180663,180698,180849,181442,184070,187517,190360,191587,232728,235870,240609,248022,250473,259940,261946,263870,266304,267598,269598,273337,276402,279793,282739,285424,288348,291207
대전,중구,192628,192801,192987,193282,193712,194019,194327,194577,194885,195077,195333,195974,183776,184245,184480,184761,185000,185071,185214,185663,185990,186122,186582,187214,187520,189125,189354,189323,189552,191000,192958,194323,196313,200667,206385,210443,215130,222082,225541,229612,231546,232321,237949,240071,241490,242837,244429,246571,249694,253418,257306,261316,264571,266857,270255
대전,서구,216011,216592,216911,217113,217232,217089,216782,216685,218092,218576,219415,220561,221825,222713,223540,223772,224094,224557,224814,225013,225478,225725,229482,234543,238796,258594,259231,259433,259447,259710,260203,261398,265131,269172,274394,280367,285476,291976,297695,305325,308949,310733,320699,325267,327452,332363,335911,339644,346353,351949,358791,364531,369092,372637,378182
대전,유성구,267086,267397,267612,267647,267845,267712,267621,267764,268099,268724,269259,269934,270855,271327,272726,273669,273984,273613,273786,273988,275238,276899,281327,285222,287810,307735,308129,308621,309280,311689,314614,316409,320432,324583,330606,338773,346174,379396,386134,394104,397791,398022,411216,415709,421172,433444,440310,451160,467810,476101,486190,493698,500735,508340,514862
대전,대덕구,152203,152347,152462,152575,151680,151826,151958,152109,152464,152757,152864,153114,165232,165414,165546,165844,165796,165606,165523,165286,164869,164411,163971,163485,163250,178406,178319,178329,178103,177933,177672,177464,177365,177641,178005,178651,179688,180651,181625,183458,185464,186604,191115,192885,195427,198396,200260,202635,205365,208344,211500,214641,217484,219240,221802
울산,중구,317510,317410,317280,317050,316370,316170,315820,315280,315040,314730,314385,313335,283363,282238,281313,280650,279025,276413,275000,272550,270200,268463,266500,263763,260925,271716,270635,269068,267155,265851,264568,263770,263446,263311,264027,265514,267595,270145,271605,273026,273316,273671,274724,277461,281645,286678,290974,296914,308342,316803,323618,327125,330421,333507,337967
울산,남구,250810,250680,250860,250870,250890,250880,250720,250640,250530,250420,250240,249900,291037,291009,290769,289926,289278,287593,286120,284278,281806,280648,278417,276037,273685,265846,264779,264096,263087,262712,262279,262481,262567,262644,263337,265163,267635,271802,274160,276340,276972,277509,280236,284396,289047,297038,305000,314604,334047,341142,343925,345547,346943,347858,351745
울산,동구,186643,185229,184086,184457,184343,183471,182514,182614,182800,183043,182786,180843,206594,205063,204271,204010,202865,200698,198354,196021,193302,191188,189031,186938,184688,205591,204386,203409,202259,201955,201936,201068,200359,199209,198900,199291,200223,202241,203118,203800,204300,204482,204923,206136,204909,203582,204141,205445,213373,219855,221542,221786,222142,222405,224091
울산,북구,213250,213196,212967,212598,211967,211185,210174,208935,206772,205817,205072,203787,203895,201767,199744,198756,197221,194698,192673,190574,187972,186198,184087,181833,179178,193408,191856,190518,188991,187817,186736,185764,185029,184846,185577,186774,188413,200330,201996,203415,204268,205138,206415,207728,209625,212103,213848,216371,224335,231022,235223,236884,238067,239902,241496
울산,울주군,176285,176220,176189,176017,175978,175984,176019,175653,175302,174897,174305,173888,201482,201000,200462,200201,198980,197572,195737,193889,191826,190439,188578,187059,185224,183618,182594,181244,180106,178938,178019,177956,178175,178338,179075,179675,180194,194612,196290,197304,198482,198869,199524,200327,201952,204060,205345,207583,215399,221268,223708,226518,227369,227595,229476
세종,,231809,231911,231671,231534,232256,234788,241624,244114,245682,245657,245630,245631,285988,286645,287068,288000,288998,289896,290533,291527,291794,291271,291107,291771,292105,338627,338226,336720,334075,333160,331009,329262,328364,328136,328057,328163,331777,373034,382547,405333,414208,415734,426547,455479,501789,523888,529898,534018,538273,541534,544419,546018,547445,547383,545648
강원,춘천시,156093,156470,156751,157229,157694,157967,157988,157883,157764,158110,158603,158821,193216,192703,191932,191473,190635,189770,189054,187608,185622,184365,183135,181905,180500,183776,182987,182263,181592,180895,180092,179224,177553,176118,175013,173842,172776,171776,171171,171316,171500,171711,172447,174230,175368,176401,177447,178520,179921,181191,182322,183809,186033,187987,190086
강원,원주시,140789,140969,140993,141095,141505,141962,142189,142302,142260,142332,142466,142554,154237,153772,153819,153714,153135,151838,149784,148676,147940,147519,146648,145757,144303,149475,149098,147871,147211,145071,143726,142339,141238,139798,139446,139899,139375,141710,142108,142977,142750,142903,143335,144591,145580,146358,146841,147602,148938,151165,154466,156665,157699,158415,159352
강원,강릉시,127026,127104,127218,127604,128239,129083,129638,130413,131067,131688,132124,132589,132194,132234,132702,133492,133726,134121,134315,134169,133935,133290,132806,131935,131048,147303,147144,146894,146606,146136,145697,145152,144712,144182,143886,143689,143492,148257,148235,148228,148324,148669,149118,149338,149853,150963,152110,153581,154463,155713,157009,158522,160059,162265,166324
강원,동해시,95321,95628,95962,96438,96872,97198,97398,97681,98074,98605,98840,99114,101095,101048,100929,100857,100655,100429,100214,99917,99250,98798,97988,96679,95714,108238,107675,107438,106400,106125,104963,104413,104125,103800,102725,102288,101875,107726,107583,107262,107119,106988,106738,106714,106714,106643,106583,106821,107060,107012,107283,107369,107298,107595,108048
강원,태백시,75776,75774,75813,75932,76087,76166,76287,76434,76579,76674,76716,76805,79094,79094,79000,79156,79288,79247,79216,79234,79309,79291,79278,79228,79134,78333,78325,78317,78283,78263,78254,78150,78150,78088,78033,77950,77950,77938,78021,78063,78271,78333,78396,78375,78375,78188,78208,78250,78146,78125,78188,78313,78125,78208,78333
강원,속초시,124756,125231,125898,126278,127148,127944,128426,129000,129815,130333,130519,130815,141667,141548,141167,140619,139833,139405,138857,138357,137738,136619,135048,133905,133476,141341,140205,139341,138045,137545,136591,135409,134000,132682,132182,131432,131023,142196,141946,141913,141652,137261,137326,137283,137326,137478,137891,138370,138935,139413,140174,140674,141435,142391,143935
강원,삼척시,78831,78933,79109,79252,79546,79874,80063,80259,80504,80678,80857,80817,84494,84324,84212,84038,83647,83397,83132,82882,82385,81935,81059,80632,80356,96500,96247,96088,95818,95647,95559,95441,95265,95029,95618,95559,95353,99806,99917,99833,99694,99792,100097,100167,100347,100403,100403,100514,100681,100778,100917,100958,101097,101181,101639
충북,청주시,171920,171650,171442,171252,170925,170565,170121,169812,169350,168973,168730,168523,170948,170291,169641,169356,168605,167594,166780,166248,165731,165115,164221,163428,162650,168145,167351,166356,165028,163922,162666,161822,161220,160587,159822,159718,159558,165093,165724,166328,167040,168161,176612,178807,179583,179741,179851,180452,183858,185609,187876,190544,193174,195291,198722
충북,상당구,156241,156053,155970,155885,155874,155736,155561,155414,154892,154598,154258,153997,148323,148073,147411,146871,146176,144992,144040,143460,143065,142274,140952,139839,139226,153268,152464,151571,150304,149393,148714,147714,146795,145420,144348,143688,143491,154992,155225,155467,155867,156367,160100,161567,162733,162650,162650,163283,164550,166267,167235,169377,171000,172408,174400
충북,서원구,174805,174150,173840,173636,173395,172793,172293,171810,171155,170517,170172,169948,181541,180486,179419,179405,178324,176959,176027,175486,174568,173568,172189,171216,170027,166026,164923,163564,162538,161538,160615,159513,158410,157795,156859,156487,156128,156526,156936,157615,158096,158833,163494,164487,164872,164955,164865,164878,165622,166205,166987,168199,169506,171513,174474
충북,흥덕구,188802,188849,188744,188749,188326,187988,187581,187314,186919,186651,186542,186437,184222,183757,183524,183303,183072,182768,182501,182213,181997,181695,181358,180761,180188,188928,188139,186743,184851,183628,182059,181263,180671,179961,179322,179875,179803,183859,185135,186000,187224,189013,201186,203712,204603,204929,205410,206590,214385,217224,220963,224263,228321,231269,235859
충북,청원구,157953,157651,157314,156767,156186,155907,155244,154953,154698,154424,154207,153924,158936,158149,157447,156957,155840,154432,153118,152298,151755,151336,150655,150096,149404,155059,154632,154529,153559,152324,150603,150132,150382,150471,150000,149794,149779,158444,158813,159313,159875,161076,172847,176535,177229,177458,177389,177826,180181,181771,184833,188688,191736,193507,197188
충북,충주시,121007,120890,120854,120660,120583,120453,120335,120121,120171,119965,119832,119596,132766,132489,132103,131804,131145,130061,128685,126978,125127,123935,121553,120101,118729,133899,133306,132653,131633,130561,129362,128949,127403,126597,125796,124883,126041,131877,131311,131462,131075,131302,133425,134877,135708,136547,137255,139132,140575,142014,143264,144146,145189,146736,148675
충북,제천시,114647,114626,114594,114574,114566,114292,114202,113571,113327,112915,112525,112070,116000,115680,115350,115130,114750,114200,114044,113870,113490,113050,112686,112408,112158,123856,123560,123415,123192,122115,121375,120183,119817,119740,119279,118990,118798,119528,119454,119454,119194,118824,118639,118472,118583,118676,118741,119009,119472,120009,120685,121259,122009,123361,126731
충북,음성군,91850,91771,91646,91571,91462,91250,91074,91025,90891,90763,90849,90730,97357,97071,96929,96310,95952,95369,95179,94750,93490,92824,92729,91721,90807,109654,109339,108931,108413,108431,108174,107787,107493,107696,107696,107974,107559,112161,111196,110857,110250,109732,109375,109339,109429,109643,109821,110554,110911,111339,112946,114375,116929,119143,123054
충남,천안시,171888,171410,170699,170198,169189,168765,168027,167717,167212,166915,166709,166045,162337,162284,161800,161509,160976,160556,160401,159790,159065,158685,158335,158149,157713,196092,195673,195272,194886,194559,194434,194453,194437,194364,195019,196270,197682,200450,201987,202936,203836,204307,205610,212029,217153,221327,223682,227228,232674,235710,238976,241962,245798,248438,251176
충남,동남구,163032,162525,161782,161485,160527,159658,159361,159265,159249,158785,158689,158270,146725,147088,146700,145450,144713,143713,143188,142238,141338,140833,140428,139910,139196,147506,146910,146470,146055,145440,145500,145262,144643,143786,143440,143190,143262,144453,144651,144651,145000,145174,145884,148198,149767,151570,153128,155058,159349,161471,163558,165163,167965,170244,173401
충남,서북구,177485,177024,176334,175704,174662,174519,173504,173058,172243,172053,171776,170958,171452,171156,170615,170885,170471,170389,170451,170038,169415,169108,168790,168798,168523,221740,221414,221033,220663,220488,220266,220421,220722,221063,222246,224290,226409,230121,232367,233820,235012,235641,237258,245852,252859,258289,261066,265469,271527,275047,278938,282656,287039,289871,292387
충남,공주시,127579,127579,127596,127540,127340,127277,127240,126948,127156,126927,126927,127073,110368,109978,109783,109733,109533,108940,108795,108600,108015,106890,105915,105490,104515,113976,113476,113095,112690,112500,112167,111476,111095,111238,111095,111333,111286,118886,118932,119045,118977,118955,119159,121466,126614,129636,131773,132523,135409,141705,144114,145568,146864,147795,149182
충남,보령시,131739,131609,131391,131043,130565,130065,129439,129026,128365,127926,127600,127146,136263,135789,135592,134824,133355,132013,131171,130092,129263,128711,128105,127579,127289,143700,143125,142600,142075,141350,140550,140025,139500,138638,137488,137375,136988,135900,135675,135525,134875,134550,133638,133713,134125,135200,135575,136150,137000,137950,138835,139795,141700,143225,145013
충남,아산시,135979,135567,134642,134293,133401,132739,132113,131959,131249,130789,130773,130881,135589,135233,134533,134128,134067,133433,132656,132133,131671,131921,131667,131562,131422,152390,152226,151373,150692,150056,149582,149582,149496,149220,149418,149582,149711,148763,148941,148797,148559,148686,149021,151030,152572,153873,154903,156148,157949,162093,165547,168441,171627,174788,178924
충남,서산시,148277,148063,148047,147960,147887,147470,147163,147110,146622,146492,146072,145138,147897,147793,147500,146414,145155,144345,142931,142345,141362,140914,139448,138621,137483,148567,147733,146988,146637,146530,146351,145685,145804,145851,145208,144113,143363,148739,148672,148394,148272,148228,147911,147078,147789,148567,148844,149039,149289,149622,149967,150367,151956,152878,154211
충남,논산시,112731,112664,112730,112708,112716,112623,112605,112643,112816,112938,113065,113227,107763,107763,107789,108066,107929,107816,107487,107553,107408,107421,107158,106987,106934,112672,112219,111744,110744,110275,109931,109681,110094,110625,110500,110375,110250,110000,109891,110016,110234,110125,110203,110672,111313,112969,113656,114000,115750,116406,117150,118000,118531,118906,119750
충남,계룡시,135860,136820,136720,136496,137328,138020,138900,139414,140360,140900,141406,142436,148073,148302,148756,148963,149250,149189,149073,148890,148317,148280,148061,147476,147427,145432,144705,144318,143909,143477,143250,143023,142489,142841,143068,143159,143295,143591,144068,145182,145500,146068,148864,156727,161375,163466,164534,165318,166284,167182,171886,175909,178489,180864,184830
충남,홍성군,133779,133624,133133,132757,133033,132843,132714,132719,132386,132416,132022,132267,135600,135900,135750,135818,134743,134508,134790,134745,134748,134655,134230,133260,132903,142509,142922,142672,142170,142398,142507,142726,142748,142683,142857,143357,143683,144541,144761,145152,145848,146424,147946,148859,149793,151772,153467,155576,158435,161783,165770,169989,175272,179522,184370
충남,예산군,109089,109018,109007,108864,108561,108232,108018,108261,108343,108236,108093,107557,98261,97870,97826,97022,96522,96250,95663,95261,94880,94630,94283,94293,94239,120836,120553,120519,120264,120040,120083,120514,120997,121057,121155,121241,121483,121722,121862,121534,120991,120250,119547,120500,120957,121647,121922,124026,125526,126147,128019,129428,130207,131638,132043
충남,당진시,153061,152926,153289,153789,153566,153534,153200,152682,152471,152516,152582,152003,160529,159029,158729,158200,157794,157129,156550,155949,155770,155297,154781,154164,153821,168827,168121,167506,166824,166427,165799,164900,164407,164086,163929,163279,162907,165851,165417,165021,164667,164660,164667,164868,164951,164090,163701,163264,163007,162403,161799,161382,160646,160021,159604
전북,전주시,166619,166659,166858,167142,167386,167617,167849,168006,168167,168333,168645,168858,177099,176817,176865,176997,176841,176260,175646,175279,174983,175212,175217,175160,174895,174125,173829,173142,172092,171426,170773,169987,169107,167647,166936,166132,165780,169591,170061,170811,171551,172122,173067,175121,176116,177487,178491,180836,188397,189299,189720,190299,191129,192076,194427
전북,완산구,168059,168210,168447,168774,169104,169396,169655,169849,170009,170094,170462,170698,177351,177075,177215,177492,177394,176599,175848,175688,175473,175732,175813,175884,175473,176692,176541,175927,175031,174354,173481,172618,171514,169344,168726,167863,167415,161019,160798,160745,160774,160769,161010,162111,162620,163313,163841,164745,169361,170293,170928,171409,172255,173264,176452
전북,덕진구,164750,164646,164794,165024,165156,165306,165504,165614,165776,166047,166285,166470,176779,176489,176419,176369,176139,175830,175390,174760,174360,174550,174460,174240,174160,171041,170571,169796,168561,167908,167520,166827,166214,165607,164786,164051,163816,179203,180448,182099,183637,184854,186590,189712,191250,193382,194920,198882,209745,210613,210795,211484,212295,213173,214585
전북,군산시,117922,117772,117658,117420,117388,117450,117368,117346,117420,117190,116961,116684,115021,114688,114083,112875,112510,111775,111088,109983,109390,108890,108552,108321,108233,113254,112734,112203,111629,111139,110794,110660,110580,110548,110479,110287,110362,113453,113615,113771,113859,113901,113984,114161,114484,114891,115193,115219,115375,115698,116083,116604,117396,118188,120313
전북,익산시,107706,107944,108132,108332,108612,108818,109013,109377,110118,110604,111121,111615,137000,137500,137670,137926,138096,138266,138574,138967,139371,139461,139566,139716,139833,146207,146315,146080,145700,145330,144841,144272,143870,143750,143582,143495,143505,143380,143196,143196,143065,143043,143120,143750,144245,144690,144929,145310,145913,146245,146625,147234,147799,148114,148571
전북,정읍시,89138,89147,89377,89492,89588,89687,89787,89868,89922,89945,89908,89872,94225,93954,93550,93371,93175,93008,92681,92619,92560,92573,92758,93000,92892,105644,105580,105708,105540,105352,105120,104940,104830,105360,105580,105920,106190,106570,106610,106630,106650,106630,106510,106750,106910,107070,107310,107350,107630,108310,108810,109050,109390,110350,111490
전북,남원시,92579,92596,92656,92771,92960,93027,93215,93504,93692,93879,94075,94308,113972,114461,114933,115317,115528,115694,115692,115869,116064,116503,116836,117575,118092,140824,140891,141097,140965,141082,141388,141279,141044,141044,141412,141471,141206,141088,140794,140691,140941,140853,140735,140735,140809,140441,140118,140162,140544,140691,140794,140838,140838,140941,141221
전북,김제시,75506,75481,75430,75159,75233,75178,75319,75441,75427,75492,75628,75823,90781,90896,90704,91117,91127,91121,91015,90885,90708,90563,90606,90977,91721,88030,88118,88143,88343,88543,88693,88945,88888,88988,89075,89238,89163,89350,89325,89350,89350,89350,89363,89438,89550,89675,89875,90025,90525,90725,90888,91075,91300,91575,91925
전남,목포시,123589,124023,124272,124574,124844,125089,125152,125040,125320,125451,125991,126279,146958,147094,147318,147144,147136,146424,146028,146025,145149,145007,145021,145007,144856,152224,152124,151965,151749,151517,151371,151125,150910,150563,150313,150069,149833,148847,148667,148458,148222,148035,147715,147535,147076,146660,146306,146069,145799,145729,144972,144410,144465,144410,145139
전남,여수시,119057,119252,119387,119713,120021,120614,121289,121789,122452,123054,123386,123888,144264,145449,146469,147560,148244,148699,149227,149586,150111,150557,151256,151633,151577,173897,173829,173519,173335,173050,173040,173222,173667,173889,174229,174694,174993,176056,176368,176875,177181,177493,178340,179104,180319,181458,182833,184368,186097,187063,188132,188854,189583,190271,192042
전남,순천시,126790,126939,126971,127127,127451,127765,127961,128294,129020,129267,129394,129633,148662,148770,149027,149108,149203,149257,149351,149405,150054,150386,150792,151386,152096,164514,164833,165090,165599,166029,166201,166319,166639,166861,167146,167313,167556,173514,174020,174297,174601,174953,176189,177568,179493,180750,182473,184365,185689,186291,186561,186851,186905,186986,187405
전남,나주시,110833,110861,110508,110549,110329,110176,110428,112221,115254,115756,116339,116223,174842,175105,176842,177132,177000,176842,176947,177421,178000,178474,178711,179421,180211,174435,174174,174378,174324,173802,172976,171867,171215,170759,170509,170211,169424,169433,169152,168673,167688,167010,166635,166240,165479,164583,163406,162802,162385,161990,161960,161885,161885,163344,165052
전남,광양시,83202,83361,83486,83433,83424,83521,83526,83430,83522,83474,83548,83881,88338,88535,88876,88909,88987,89166,89629,89740,89859,90012,90184,90479,90641,110013,110427,111028,111730,112217,112444,112593,112815,113031,113315,113627,113872,114751,115006,115438,115665,115784,116341,117295,118210,118864,120239,121222,122216,122818,123352,123773,124614,125528,126023
전남,무안군,195288,195514,195555,196113,196432,196512,196751,196669,196757,196994,197396,197804,209356,209622,210344,209469,209219,207031,205844,205313,205063,204256,204625,204969,205000,212613,212320,211420,209330,208418,207493,206863,206563,206150,205475,203525,202125,201850,200925,199613,198563,196988,195913,195113,193738,192375,191950,191088,190163,190400,190525,190625,190700,191000,192525
경북,포항시,159244,158652,158068,157586,156861,156306,155922,155475,154734,153975,152904,151528,154165,153461,152875,152100,151385,150602,149725,148791,147603,146166,144828,144257,143415,143813,142710,141626,139969,138807,137993,137574,137097,136550,136326,136210,136105,139797,139860,140006,140203,140360,140842,142185,143926,145012,145896,147283,150954,155394,158333,160412,161561,162578,163219
경북,남구,158328,157741,156972,156400,155497,154968,154612,154017,153288,152582,151719,150430,148706,148044,147632,146846,146249,145749,145169,144663,143326,141915,141099,140834,140596,140437,139733,138989,137274,136289,135700,135386,135186,134943,135071,134950,135207,137229,137493,137896,138340,138632,139028,139854,141556,142097,142771,144021,148972,154479,158139,161014,162000,162611,162792
경북,북구,159844,159249,158788,158364,157756,157184,156782,156431,155682,154889,153681,152249,157686,156953,156256,155488,154698,153733,152663,151453,150360,148907,147233,146465,145233,146060,144690,143381,141762,140482,139518,139030,138369,137619,137161,137048,136702,141483,141415,141392,141426,141494,142034,143716,145483,146926,147949,149426,152256,155994,158460,160017,161273,162557,163500
경북,경주시,146868,146219,145649,145002,144351,143586,143103,142656,142049,141349,140453,139659,126047,125656,125188,124406,122461,121344,120813,120173,118017,116111,115328,113891,112714,132372,131449,130269,129183,128414,128301,127750,127109,126853,126455,126192,126147,128450,128619,129006,129225,129988,130350,130769,131769,132725,133244,134006,136700,141013,143706,144844,145981,146894,147719
경북,김천시,127419,127210,127071,126877,126506,126226,126065,126177,126242,126168,126055,125861,140385,140346,140681,141038,140873,140696,139987,139698,139219,139152,138265,137700,137854,140742,140217,139735,138650,137792,136883,136183,135642,135467,134850,134333,133833,132732,132531,132337,131773,131192,130821,131611,131887,131508,131524,131250,132395,136540,140960,143476,145089,147427,153444
경북,안동시,118025,117963,117861,117906,117953,118000,117939,117173,116545,115991,115119,114945,129261,126080,125130,124482,123218,122975,122677,122409,120661,119873,119507,118566,117430,129074,128854,128549,128029,127941,127551,127059,127125,127316,127360,127493,127846,132290,132333,132297,132183,132136,132200,132114,132057,132014,132000,132243,132457,132929,133421,133886,135071,136636,140570
경북,구미시,144421,144116,143655,143356,142786,142360,142153,141468,140694,140273,139569,138829,139990,139382,139020,138490,138206,137598,137235,136868,136304,135941,135593,135270,134525,138630,138134,137722,137190,136671,136009,135468,134750,133926,133199,132620,131722,131873,131436,131164,130773,130500,130964,132636,134382,135718,135718,135982,137809,139764,142018,143759,145423,147918,151173
경북,영주시,108050,107853,107792,107482,107430,107636,107318,107121,106894,106409,105674,105356,111391,110935,110772,110837,110663,111054,111011,110880,111467,112011,112130,112250,112598,118511,118409,118545,118364,118284,118114,117920,117818,117898,117716,117534,117466,117239,117295,117193,117125,117057,117080,117261,117580,117557,117784,118193,118750,119057,119193,119307,119830,120170,120705
경북,영천시,102151,101764,101380,100888,100358,99949,99394,99113,98850,98438,97863,97413,101184,100868,100605,100395,100121,99789,99526,99013,98371,98292,98213,98042,97805,113130,113213,112430,111118,109775,109138,108200,107775,107375,107325,106888,107038,102679,102488,102250,101905,101476,101250,101226,101131,100976,100893,100786,100821,100750,100817,100812,100979,101050,101133
경북,상주시,92485,92485,92321,92274,92194,92344,92332,92474,92662,92709,92962,93232,114625,115469,116094,116594,116719,116906,117344,117625,117734,117709,117834,117991,118078,138529,138544,138574,138074,137426,136779,136191,136074,135956,135824,135662,135750,135809,135838,135441,135324,135221,135103,134897,134779,134735,134456,134074,134500,135147,135338,135250,135265,135382,135574
경북,문경시,108856,108919,108931,109075,109183,109964,110031,110172,110608,111039,111142,112419,134538,134777,134623,134777,134746,134469,135015,135092,135215,135015,134585,134254,133838,145293,144887,144640,144160,143827,143233,143300,143333,143350,143283,142850,142600,142183,142100,141750,141550,141267,141250,141250,141233,141167,141033,141033,141233,141233,141317,140567,140233,140500,140700
경북,경산시,178471,178246,177793,176934,175712,174791,174147,173547,173602,173679,173829,174251,173167,172897,172513,172667,172833,172269,171846,171692,171256,170654,170064,169308,168096,189451,188829,188512,187970,187335,186915,186262,185305,184561,184610,184402,184543,191804,191786,191560,191321,191173,191077,191583,192113,192756,193774,194417,196036,197524,199036,199964,201310,202726,203649
경북,칠곡군,103125,103067,102882,102624,102409,102267,102000,101671,101303,100862,100586,100053,101826,101543,100696,100435,100000,99413,98913,98696,98552,98393,98274,97567,97250,107083,106479,106208,105927,105490,105260,104917,103458,102771,102604,102208,101833,107000,106690,105970,105550,104470,104070,104090,104100,104210,104200,104220,104330,104460,104650,104830,105094,105354,106710
경남,창원시,232979,232133,231440,230828,229891,228890,227772,226043,223423,221284,219023,215803,209378,207873,206552,205168,203998,201678,200026,198123,195811,193927,192753,191652,190489,205468,204893,204117,203392,202211,201386,199918,198506,197408,197003,197223,198870,203255,204877,205834,206074,205779,206894,211491,214038,215747,216662,222776,235696,239370,240000,239598,240060,240686,242194
경남,의창구,241940,241810,241560,241310,240131,238821,237298,235857,231714,227143,224310,220369,217135,214892,213514,212027,210757,208203,207297,205176,202770,200541,198730,196946,194514,223656,223313,222552,222844,222495,222417,220526,218568,217005,216672,217776,222521,227594,230594,232689,233515,233117,236107,247622,252648,256464,259735,277117,305173,309270,308352,302418,300714,299500,301622
경남,성산구,273208,271229,269917,268771,267677,266667,265260,261104,257073,254510,250646,245156,235031,233929,232469,230888,229316,226143,223082,220857,217500,213878,212327,211316,211255,234971,234603,233934,232912,230603,229353,228081,227136,226471,226566,227456,230618,239928,242370,243326,243377,242830,244188,250804,255134,257714,258598,266457,287739,291616,291239,288768,285928,285246,286152
경남,마산합포구,196788,196530,196015,195682,195197,194530,193985,193470,191970,190068,188644,187159,183486,182500,182014,181622,180865,178932,177892,176284,174324,172527,171257,170014,168865,174500,173778,172911,171578,170467,169578,168667,167811,166656,166067,165611,165333,167402,167554,167728,167696,167728,168065,168815,169109,169337,169402,169598,169815,170576,172152,173087,174022,174859,177489
경남,마산회원구,205842,205447,205158,204816,204447,203724,202816,202618,201211,200303,199066,197105,196175,194375,193075,191063,190025,188300,187263,184988,182788,182413,181675,180450,178213,184283,183272,182500,181359,180098,178924,177375,176000,174821,173772,173418,173092,172701,173370,174582,174777,174652,175065,176587,177685,178391,178576,180880,185696,191587,193310,194978,195533,195620,197185
경남,진해구,217472,216861,216194,215597,214056,212722,211736,211181,210208,209681,208944,207472,197108,195473,193622,192459,191541,189878,188649,187676,186818,186480,186182,185885,185291,190090,189537,188654,188351,188133,187654,185888,183761,182569,182122,181606,181553,183604,184813,185094,185333,185083,185354,186417,187161,187729,187844,189125,193266,196573,198385,203375,210521,215281,216104
경남,진주시,184819,186525,188235,190214,191076,192463,192688,192776,192869,192976,192837,192810,203830,203570,202870,202760,201960,201220,200830,200270,199860,199370,198470,196710,194700,195319,194574,194027,192447,190734,188537,187282,186080,183739,182245,181548,181043,182016,182099,182286,182859,183193,184016,184703,185438,185938,186750,187625,189599,191323,193656,195703,197385,199490,201292
경남,통영시,157797,157376,156824,156169,155224,154483,153716,153009,151897,151298,150929,150374,146194,145177,144161,143694,142790,142129,141484,139339,137032,136226,134806,134435,132935,140931,140028,139736,139444,139028,138917,138792,138625,139042,139153,139153,139847,148500,149053,149118,149289,149303,149526,149395,150461,151086,151875,151770,152428,153125,154076,155289,158467,160743,163921
경남,사천시,125574,125954,126663,127048,127704,128213,128731,128906,129007,129015,128830,128763,144565,144204,143630,143685,143111,142315,141074,140530,139935,139620,138685,137826,135972,136474,135994,135434,134180,133260,131580,129520,127840,126320,124370,123150,122630,127880,127694,127519,127407,127278,126972,126620,126213,125639,125269,124815,124296,123963,123796,123704,123676,123398,123093
경남,김해시,192980,193035,192801,192402,191841,190866,190100,189523,188948,188706,188353,187545,187030,186418,185978,185470,185007,183866,182739,181694,178716,176149,173649,172239,170261,169412,167713,165757,163684,162375,160875,159419,158235,157757,157515,157831,158618,160399,161145,162268,162913,163007,163775,164210,164196,163971,163703,163435,164623,165935,167312,168344,169417,170707,173134
경남,밀양시,109654,109756,109705,109885,110115,110526,110833,111156,111438,111803,112149,112326,124000,124095,124193,123966,123914,122489,121339,121098,119886,119761,120305,120302,120414,140483,140014,139538,139124,137362,135479,133038,131807,130569,128795,127869,127476,127966,127398,127250,127091,126784,126648,126455,126261,125989,125727,125773,125625,125977,126977,127614,127932,128364,129125
경남,거제시,178977,176966,175898,175261,174034,172727,171568,170045,169466,168659,167500,165830,165053,162246,160395,158018,155123,150728,147500,144175,141430,139061,136763,135070,133877,150462,150114,150804,151468,151671,151994,152038,151975,151589,150481,149582,149437,154366,154134,154067,153902,153518,153506,155274,155921,156366,156543,156165,155616,156555,157811,159494,160220,160549,161079
경남,양산시,154913,154838,155004,155083,155256,155342,155449,155536,155266,155061,154986,154770,163272,162918,162750,162695,162379,161938,161499,161264,160954,160506,160202,160140,159821,175877,175560,175298,174873,174849,174599,174004,173385,172817,172222,171897,171464,173243,172993,172711,172633,172617,172508,172574,172582,172828,173383,174672,181445,187973,191410,194660,197867,201191,204215
제주,제주시,265879,266854,267183,267232,267159,266732,266305,266634,267341,267305,267110,266976,317970,316333,316091,316076,314742,314106,314000,313121,311439,310803,310439,310167,310288,317706,317324,317074,316647,316529,317059,316235,315485,314279,313176,312206,311176,306071,305771,305400,304886,304057,303871,303871,303757,303757,303800,303771,304414,306314,308871,310943,313814,324614,344400
제주,서귀포시,178359,179554,179727,179788,179739,179570,179057,179099,179980,180327,180967,181491,228139,228139,228153,229153,228931,228514,228319,228097,226306,225000,224556,223778,222167,242068,242250,241977,241682,241409,240841,239955,238955,237727,236932,235898,235477,229000,228054,227228,226152,225152,224174,223087,222696,222196,221685,221457,221500,222043,222913,223370,224065,224913,231457
